"","Valence","Impact"
"1",-12.3777161696926,14
"2",-9.42302152793854,7
"3",-10.1115219527856,7
"4",-6.20317837968469,3
"5",-4.04033065401018,3
"6",-7.52419337816536,3
"7",-4.62908824253827,3
"8",-2.75596349593252,1
"9",-1.34685270301998,1
"10",-1.09015312884003,1
"11",-1.77124384604394,1
"12",-0.941978017799556,1
"13",-2.46716876421124,1
"14",-3.291848462075,1
"15",-2.55672307498753,1
